date,close,ticker,event_date,days_from_event,company,drug
2025-01-15,424.260009765625,VRTX,2025-01-30,-15,Vertex Pharmaceuticals,Journavx
2025-01-16,416.9599914550781,VRTX,2025-01-30,-14,Vertex Pharmaceuticals,Journavx
2025-01-17,422.0,VRTX,2025-01-30,-13,Vertex Pharmaceuticals,Journavx
2025-01-21,427.8900146484375,VRTX,2025-01-30,-9,Vertex Pharmaceuticals,Journavx
2025-01-22,428.0,VRTX,2025-01-30,-8,Vertex Pharmaceuticals,Journavx
2025-01-23,439.7300109863281,VRTX,2025-01-30,-7,Vertex Pharmaceuticals,Journavx
2025-01-24,439.6199951171875,VRTX,2025-01-30,-6,Vertex Pharmaceuticals,Journavx
2025-01-27,443.8800048828125,VRTX,2025-01-30,-3,Vertex Pharmaceuticals,Journavx
2025-01-28,440.67999267578125,VRTX,2025-01-30,-2,Vertex Pharmaceuticals,Journavx
2025-01-29,441.5199890136719,VRTX,2025-01-30,-1,Vertex Pharmaceuticals,Journavx
2025-01-30,438.3999938964844,VRTX,2025-01-30,0,Vertex Pharmaceuticals,Journavx
2025-01-31,461.67999267578125,VRTX,2025-01-30,1,Vertex Pharmaceuticals,Journavx
2025-02-03,470.3699951171875,VRTX,2025-01-30,4,Vertex Pharmaceuticals,Journavx
2025-02-04,482.2799987792969,VRTX,2025-01-30,5,Vertex Pharmaceuticals,Journavx
2025-02-05,488.44000244140625,VRTX,2025-01-30,6,Vertex Pharmaceuticals,Journavx
2025-02-06,481.1600036621094,VRTX,2025-01-30,7,Vertex Pharmaceuticals,Journavx
2025-02-07,469.32000732421875,VRTX,2025-01-30,8,Vertex Pharmaceuticals,Journavx
2025-02-10,469.9700012207031,VRTX,2025-01-30,11,Vertex Pharmaceuticals,Journavx
2025-02-11,455.2200012207031,VRTX,2025-01-30,12,Vertex Pharmaceuticals,Journavx
2025-02-12,453.20001220703125,VRTX,2025-01-30,13,Vertex Pharmaceuticals,Journavx
2025-02-13,462.5799865722656,VRTX,2025-01-30,14,Vertex Pharmaceuticals,Journavx
2025-01-02,127.6762466430664,AZN,2025-01-17,-15,AstraZeneca,Datroway
2025-01-03,128.39332580566406,AZN,2025-01-17,-14,AstraZeneca,Datroway
2025-01-06,129.5367431640625,AZN,2025-01-17,-11,AstraZeneca,Datroway
2025-01-07,129.14913940429688,AZN,2025-01-17,-10,AstraZeneca,Datroway
2025-01-08,129.03285217285156,AZN,2025-01-17,-9,AstraZeneca,Datroway
2025-01-10,129.86622619628906,AZN,2025-01-17,-7,AstraZeneca,Datroway
2025-01-13,127.38555908203125,AZN,2025-01-17,-4,AstraZeneca,Datroway
2025-01-14,126.68787384033203,AZN,2025-01-17,-3,AstraZeneca,Datroway
2025-01-15,127.28865814208984,AZN,2025-01-17,-2,AstraZeneca,Datroway
2025-01-16,129.6724090576172,AZN,2025-01-17,-1,AstraZeneca,Datroway
2025-01-17,129.07162475585938,AZN,2025-01-17,0,AstraZeneca,Datroway
2025-01-21,131.70730590820312,AZN,2025-01-17,4,AstraZeneca,Datroway
2025-01-22,132.1724395751953,AZN,2025-01-17,5,AstraZeneca,Datroway
2025-01-23,132.94764709472656,AZN,2025-01-17,6,AstraZeneca,Datroway
2025-01-24,133.83914184570312,AZN,2025-01-17,7,AstraZeneca,Datroway
2025-01-27,135.81590270996094,AZN,2025-01-17,10,AstraZeneca,Datroway
2025-01-28,134.8662872314453,AZN,2025-01-17,11,AstraZeneca,Datroway
2025-01-29,136.14537048339844,AZN,2025-01-17,12,AstraZeneca,Datroway
2025-01-30,138.06398010253906,AZN,2025-01-17,13,AstraZeneca,Datroway
2025-01-31,137.1337432861328,AZN,2025-01-17,14,AstraZeneca,Datroway
2025-03-10,38.42033767700195,GSK,2025-03-25,-15,GSK,Blujepa
2025-03-11,37.63896942138672,GSK,2025-03-25,-14,GSK,Blujepa
2025-03-12,37.04818344116211,GSK,2025-03-25,-13,GSK,Blujepa
2025-03-13,37.381690979003906,GSK,2025-03-25,-12,GSK,Blujepa
2025-03-14,37.62944412231445,GSK,2025-03-25,-11,GSK,Blujepa
2025-03-17,38.353633880615234,GSK,2025-03-25,-8,GSK,Blujepa
2025-03-18,38.487037658691406,GSK,2025-03-25,-7,GSK,Blujepa
2025-03-19,37.68661117553711,GSK,2025-03-25,-6,GSK,Blujepa
2025-03-20,37.5532112121582,GSK,2025-03-25,-5,GSK,Blujepa
2025-03-21,37.39122009277344,GSK,2025-03-25,-4,GSK,Blujepa
2025-03-24,36.75278854370117,GSK,2025-03-25,-1,GSK,Blujepa
2025-03-25,36.76232147216797,GSK,2025-03-25,0,GSK,Blujepa
2025-03-26,36.50503921508789,GSK,2025-03-25,1,GSK,Blujepa
2025-03-27,36.70513916015625,GSK,2025-03-25,2,GSK,Blujepa
2025-03-28,36.9147834777832,GSK,2025-03-25,3,GSK,Blujepa
2025-03-31,36.9147834777832,GSK,2025-03-25,6,GSK,Blujepa
2025-04-01,36.08576583862305,GSK,2025-03-25,7,GSK,Blujepa
2025-04-02,35.866600036621094,GSK,2025-03-25,8,GSK,Blujepa
2025-04-03,37.17205810546875,GSK,2025-03-25,9,GSK,Blujepa
2025-04-04,34.808895111083984,GSK,2025-03-25,10,GSK,Blujepa
2025-04-07,33.198524475097656,GSK,2025-03-25,13,GSK,Blujepa
2025-04-08,32.521976470947266,GSK,2025-03-25,14,GSK,Blujepa
2025-03-13,52.392948150634766,SNY,2025-03-28,-15,Sanofi,Qfitlia
2025-03-14,52.392948150634766,SNY,2025-03-28,-14,Sanofi,Qfitlia
2025-03-17,53.45441436767578,SNY,2025-03-28,-11,Sanofi,Qfitlia
2025-03-18,53.62678909301758,SNY,2025-03-28,-10,Sanofi,Qfitlia
2025-03-19,53.16409683227539,SNY,2025-03-28,-9,Sanofi,Qfitlia
2025-03-20,52.42923355102539,SNY,2025-03-28,-8,Sanofi,Qfitlia
2025-03-21,51.621795654296875,SNY,2025-03-28,-7,Sanofi,Qfitlia
2025-03-24,50.74177169799805,SNY,2025-03-28,-4,Sanofi,Qfitlia
2025-03-25,50.30630111694336,SNY,2025-03-28,-3,Sanofi,Qfitlia
2025-03-26,49.444427490234375,SNY,2025-03-28,-2,Sanofi,Qfitlia
2025-03-27,49.81639099121094,SNY,2025-03-28,-1,Sanofi,Qfitlia
2025-03-28,50.6419792175293,SNY,2025-03-28,0,Sanofi,Qfitlia
2025-03-31,50.315372467041016,SNY,2025-03-28,3,Sanofi,Qfitlia
2025-04-01,49.29926681518555,SNY,2025-03-28,4,Sanofi,Qfitlia
2025-04-02,48.9454460144043,SNY,2025-03-28,5,Sanofi,Qfitlia
2025-04-03,49.55329132080078,SNY,2025-03-28,6,Sanofi,Qfitlia
2025-04-04,47.15818405151367,SNY,2025-03-28,7,Sanofi,Qfitlia
2025-04-07,46.05135726928711,SNY,2025-03-28,10,Sanofi,Qfitlia
2025-04-08,45.23484802246094,SNY,2025-03-28,11,Sanofi,Qfitlia
2025-04-09,46.45961380004883,SNY,2025-03-28,12,Sanofi,Qfitlia
2025-04-10,45.05339431762695,SNY,2025-03-28,13,Sanofi,Qfitlia
2025-04-11,46.722713470458984,SNY,2025-03-28,14,Sanofi,Qfitlia
2025-03-18,108.9052734375,NVS,2025-04-02,-15,Novartis,Vanrafia
2025-03-19,108.2647705078125,NVS,2025-04-02,-14,Novartis,Vanrafia
2025-03-20,109.86603546142578,NVS,2025-04-02,-13,Novartis,Vanrafia
2025-03-21,108.81793212890625,NVS,2025-04-02,-12,Novartis,Vanrafia
2025-03-24,107.80864715576172,NVS,2025-04-02,-9,Novartis,Vanrafia
2025-03-25,107.11962127685547,NVS,2025-04-02,-8,Novartis,Vanrafia
2025-03-26,106.88671112060547,NVS,2025-04-02,-7,Novartis,Vanrafia
2025-03-27,108.1094970703125,NVS,2025-04-02,-6,Novartis,Vanrafia
2025-03-28,109.24493408203125,NVS,2025-04-02,-5,Novartis,Vanrafia
2025-03-31,108.1871337890625,NVS,2025-04-02,-2,Novartis,Vanrafia
2025-04-01,106.37236785888672,NVS,2025-04-02,-1,Novartis,Vanrafia
2025-04-02,107.49810028076172,NVS,2025-04-02,0,Novartis,Vanrafia
2025-04-03,108.94409942626953,NVS,2025-04-02,1,Novartis,Vanrafia
2025-04-04,102.72342681884766,NVS,2025-04-02,2,Novartis,Vanrafia
2025-04-07,99.83145904541016,NVS,2025-04-02,5,Novartis,Vanrafia
2025-04-08,98.94833374023438,NVS,2025-04-02,6,Novartis,Vanrafia
2025-04-09,100.78250122070312,NVS,2025-04-02,7,Novartis,Vanrafia
2025-04-10,100.3458023071289,NVS,2025-04-02,8,Novartis,Vanrafia
2025-04-11,104.34410095214844,NVS,2025-04-02,9,Novartis,Vanrafia
2025-04-14,106.22679901123047,NVS,2025-04-02,12,Novartis,Vanrafia
2025-04-15,106.68291473388672,NVS,2025-04-02,13,Novartis,Vanrafia
2025-04-16,106.34325408935547,NVS,2025-04-02,14,Novartis,Vanrafia
2025-04-14,149.31707763671875,JNJ,2025-04-29,-15,Johnson & Johnson,Imaavy
2025-04-15,148.6012725830078,JNJ,2025-04-29,-14,Johnson & Johnson,Imaavy
2025-04-16,148.8817901611328,JNJ,2025-04-29,-13,Johnson & Johnson,Imaavy
2025-04-17,152.32546997070312,JNJ,2025-04-29,-12,Johnson & Johnson,Imaavy
2025-04-21,151.79344177246094,JNJ,2025-04-29,-8,Johnson & Johnson,Imaavy
2025-04-22,152.59632873535156,JNJ,2025-04-29,-7,Johnson & Johnson,Imaavy
2025-04-23,150.3037567138672,JNJ,2025-04-29,-6,Johnson & Johnson,Imaavy
2025-04-24,149.8684539794922,JNJ,2025-04-29,-5,Johnson & Johnson,Imaavy
2025-04-25,149.52989196777344,JNJ,2025-04-29,-4,Johnson & Johnson,Imaavy
2025-04-28,150.2747344970703,JNJ,2025-04-29,-1,Johnson & Johnson,Imaavy
2025-04-29,150.8164520263672,JNJ,2025-04-29,0,Johnson & Johnson,Imaavy
2025-04-30,151.203369140625,JNJ,2025-04-29,1,Johnson & Johnson,Imaavy
2025-05-01,149.41383361816406,JNJ,2025-04-29,2,Johnson & Johnson,Imaavy
2025-05-02,151.01959228515625,JNJ,2025-04-29,3,Johnson & Johnson,Imaavy
2025-05-05,149.93618774414062,JNJ,2025-04-29,6,Johnson & Johnson,Imaavy
2025-05-06,149.42349243164062,JNJ,2025-04-29,7,Johnson & Johnson,Imaavy
2025-05-07,152.16102600097656,JNJ,2025-04-29,8,Johnson & Johnson,Imaavy
2025-05-08,150.57460021972656,JNJ,2025-04-29,9,Johnson & Johnson,Imaavy
2025-05-09,149.18165588378906,JNJ,2025-04-29,10,Johnson & Johnson,Imaavy
2025-05-12,149.10426330566406,JNJ,2025-04-29,13,Johnson & Johnson,Imaavy
2025-05-13,143.5904998779297,JNJ,2025-04-29,14,Johnson & Johnson,Imaavy
2025-04-29,186.08021545410156,ABBV,2025-05-14,-15,AbbVie,Emrelis
2025-04-30,187.6091766357422,ABBV,2025-05-14,-14,AbbVie,Emrelis
2025-05-01,185.916748046875,ABBV,2025-05-14,-13,AbbVie,Emrelis
2025-05-02,190.84976196289062,ABBV,2025-05-14,-12,AbbVie,Emrelis
2025-05-05,188.54193115234375,ABBV,2025-05-14,-9,AbbVie,Emrelis
2025-05-06,179.96438598632812,ABBV,2025-05-14,-8,AbbVie,Emrelis
2025-05-07,180.86831665039062,ABBV,2025-05-14,-7,AbbVie,Emrelis
2025-05-08,178.45468139648438,ABBV,2025-05-14,-6,AbbVie,Emrelis
2025-05-09,177.51231384277344,ABBV,2025-05-14,-5,AbbVie,Emrelis
2025-05-12,182.77230834960938,ABBV,2025-05-14,-2,AbbVie,Emrelis
2025-05-13,180.78176879882812,ABBV,2025-05-14,-1,AbbVie,Emrelis
2025-05-14,170.62722778320312,ABBV,2025-05-14,0,AbbVie,Emrelis
2025-05-15,174.7044219970703,ABBV,2025-05-14,1,AbbVie,Emrelis
2025-05-16,176.95457458496094,ABBV,2025-05-14,2,AbbVie,Emrelis
2025-05-19,178.5797119140625,ABBV,2025-05-14,5,AbbVie,Emrelis
2025-05-20,177.7527313232422,ABBV,2025-05-14,6,AbbVie,Emrelis
2025-05-21,174.81982421875,ABBV,2025-05-14,7,AbbVie,Emrelis
2025-05-22,175.53140258789062,ABBV,2025-05-14,8,AbbVie,Emrelis
2025-05-23,176.2237548828125,ABBV,2025-05-14,9,AbbVie,Emrelis
2025-05-27,178.5893096923828,ABBV,2025-05-14,13,AbbVie,Emrelis
2025-05-28,176.06028747558594,ABBV,2025-05-14,14,AbbVie,Emrelis
2025-05-27,2.240000009536743,NUVB,2025-06-11,-15,Nuvation Bio,Ibtrozi
2025-05-28,2.200000047683716,NUVB,2025-06-11,-14,Nuvation Bio,Ibtrozi
2025-05-29,2.259999990463257,NUVB,2025-06-11,-13,Nuvation Bio,Ibtrozi
2025-05-30,2.119999885559082,NUVB,2025-06-11,-12,Nuvation Bio,Ibtrozi
2025-06-02,2.3399999141693115,NUVB,2025-06-11,-9,Nuvation Bio,Ibtrozi
2025-06-03,2.450000047683716,NUVB,2025-06-11,-8,Nuvation Bio,Ibtrozi
2025-06-04,2.450000047683716,NUVB,2025-06-11,-7,Nuvation Bio,Ibtrozi
2025-06-05,2.4800000190734863,NUVB,2025-06-11,-6,Nuvation Bio,Ibtrozi
2025-06-06,2.4800000190734863,NUVB,2025-06-11,-5,Nuvation Bio,Ibtrozi
2025-06-09,2.509999990463257,NUVB,2025-06-11,-2,Nuvation Bio,Ibtrozi
2025-06-10,2.5299999713897705,NUVB,2025-06-11,-1,Nuvation Bio,Ibtrozi
2025-06-11,2.200000047683716,NUVB,2025-06-11,0,Nuvation Bio,Ibtrozi
2025-06-12,1.809999942779541,NUVB,2025-06-11,1,Nuvation Bio,Ibtrozi
2025-06-13,1.7300000190734863,NUVB,2025-06-11,2,Nuvation Bio,Ibtrozi
2025-06-16,1.8600000143051147,NUVB,2025-06-11,5,Nuvation Bio,Ibtrozi
2025-06-17,1.7100000381469727,NUVB,2025-06-11,6,Nuvation Bio,Ibtrozi
2025-06-18,1.7899999618530273,NUVB,2025-06-11,7,Nuvation Bio,Ibtrozi
2025-06-20,1.9700000286102295,NUVB,2025-06-11,9,Nuvation Bio,Ibtrozi
2025-06-23,2.0299999713897705,NUVB,2025-06-11,12,Nuvation Bio,Ibtrozi
2025-06-24,2.049999952316284,NUVB,2025-06-11,13,Nuvation Bio,Ibtrozi
2025-06-25,1.8799999952316284,NUVB,2025-06-11,14,Nuvation Bio,Ibtrozi
2025-06-17,506.086669921875,REGN,2025-07-02,-15,Regeneron,Lynozyfic
2025-06-18,510.78094482421875,REGN,2025-07-02,-14,Regeneron,Lynozyfic
2025-06-20,506.94195556640625,REGN,2025-07-02,-12,Regeneron,Lynozyfic
2025-06-23,509.1300048828125,REGN,2025-07-02,-9,Regeneron,Lynozyfic
2025-06-24,519.4236450195312,REGN,2025-07-02,-8,Regeneron,Lynozyfic
2025-06-25,517.454345703125,REGN,2025-07-02,-7,Regeneron,Lynozyfic
2025-06-26,518.1605224609375,REGN,2025-07-02,-6,Regeneron,Lynozyfic
2025-06-27,518.1605224609375,REGN,2025-07-02,-5,Regeneron,Lynozyfic
2025-06-30,522.1387329101562,REGN,2025-07-02,-2,Regeneron,Lynozyfic
2025-07-01,531.99462890625,REGN,2025-07-02,-1,Regeneron,Lynozyfic
2025-07-02,544.7547607421875,REGN,2025-07-02,0,Regeneron,Lynozyfic
2025-07-03,544.3767700195312,REGN,2025-07-02,1,Regeneron,Lynozyfic
2025-07-07,535.1773071289062,REGN,2025-07-02,5,Regeneron,Lynozyfic
2025-07-08,544.7647705078125,REGN,2025-07-02,6,Regeneron,Lynozyfic
2025-07-09,549.5684204101562,REGN,2025-07-02,7,Regeneron,Lynozyfic
2025-07-10,556.7092895507812,REGN,2025-07-02,8,Regeneron,Lynozyfic
2025-07-11,564.6458129882812,REGN,2025-07-02,9,Regeneron,Lynozyfic
2025-07-14,567.4802856445312,REGN,2025-07-02,12,Regeneron,Lynozyfic
2025-07-15,544.9736938476562,REGN,2025-07-02,13,Regeneron,Lynozyfic
2025-07-16,544.9437255859375,REGN,2025-07-02,14,Regeneron,Lynozyfic
2025-07-28,101.75,INSM,2025-08-12,-15,Insmed,Brinsupri
2025-07-29,105.0,INSM,2025-08-12,-14,Insmed,Brinsupri
2025-07-30,105.18000030517578,INSM,2025-08-12,-13,Insmed,Brinsupri
2025-07-31,107.27999877929688,INSM,2025-08-12,-12,Insmed,Brinsupri
2025-08-01,108.69000244140625,INSM,2025-08-12,-11,Insmed,Brinsupri
2025-08-04,111.23999786376953,INSM,2025-08-12,-8,Insmed,Brinsupri
2025-08-05,111.61000061035156,INSM,2025-08-12,-7,Insmed,Brinsupri
2025-08-06,111.26000213623047,INSM,2025-08-12,-6,Insmed,Brinsupri
2025-08-07,109.30000305175781,INSM,2025-08-12,-5,Insmed,Brinsupri
2025-08-08,109.55000305175781,INSM,2025-08-12,-4,Insmed,Brinsupri
2025-08-11,112.88999938964844,INSM,2025-08-12,-1,Insmed,Brinsupri
2025-08-12,122.0,INSM,2025-08-12,0,Insmed,Brinsupri
2025-08-13,122.87000274658203,INSM,2025-08-12,1,Insmed,Brinsupri
2025-08-14,127.75,INSM,2025-08-12,2,Insmed,Brinsupri
2025-08-15,127.80000305175781,INSM,2025-08-12,3,Insmed,Brinsupri
2025-08-18,127.2699966430664,INSM,2025-08-12,6,Insmed,Brinsupri
2025-08-19,127.20999908447266,INSM,2025-08-12,7,Insmed,Brinsupri
2025-08-20,129.4499969482422,INSM,2025-08-12,8,Insmed,Brinsupri
2025-08-21,132.60000610351562,INSM,2025-08-12,9,Insmed,Brinsupri
2025-08-22,131.8800048828125,INSM,2025-08-12,10,Insmed,Brinsupri
2025-08-25,128.32000732421875,INSM,2025-08-12,13,Insmed,Brinsupri
2025-08-26,132.1699981689453,INSM,2025-08-12,14,Insmed,Brinsupri
2025-09-04,81.3309555053711,MRK,2025-09-19,-15,Merck,Keytruda Qlex
2025-09-05,81.96959686279297,MRK,2025-09-19,-14,Merck,Keytruda Qlex
2025-09-08,81.36965942382812,MRK,2025-09-19,-11,Merck,Keytruda Qlex
2025-09-09,81.87283325195312,MRK,2025-09-19,-10,Merck,Keytruda Qlex
2025-09-10,81.31160736083984,MRK,2025-09-19,-9,Merck,Keytruda Qlex
2025-09-11,82.39537048339844,MRK,2025-09-19,-8,Merck,Keytruda Qlex
2025-09-12,80.13105773925781,MRK,2025-09-19,-7,Merck,Keytruda Qlex
2025-09-15,79.17340087890625,MRK,2025-09-19,-4,Merck,Keytruda Qlex
2025-09-16,79.2417984008789,MRK,2025-09-19,-3,Merck,Keytruda Qlex
2025-09-17,79.29066467285156,MRK,2025-09-19,-2,Merck,Keytruda Qlex
2025-09-18,79.6717758178711,MRK,2025-09-19,-1,Merck,Keytruda Qlex
2025-09-19,79.65223693847656,MRK,2025-09-19,0,Merck,Keytruda Qlex
2025-09-22,78.56753540039062,MRK,2025-09-19,3,Merck,Keytruda Qlex
2025-09-23,78.13755798339844,MRK,2025-09-19,4,Merck,Keytruda Qlex
2025-09-24,77.85417175292969,MRK,2025-09-19,5,Merck,Keytruda Qlex
2025-09-25,75.83134460449219,MRK,2025-09-19,6,Merck,Keytruda Qlex
2025-09-26,76.76947021484375,MRK,2025-09-19,7,Merck,Keytruda Qlex
2025-09-29,76.78901672363281,MRK,2025-09-19,10,Merck,Keytruda Qlex
2025-09-30,82.01707458496094,MRK,2025-09-19,11,Merck,Keytruda Qlex
2025-10-01,88.07576751708984,MRK,2025-09-19,12,Merck,Keytruda Qlex
2025-10-02,87.46990203857422,MRK,2025-09-19,13,Merck,Keytruda Qlex
2025-10-03,87.15719604492188,MRK,2025-09-19,14,Merck,Keytruda Qlex
2025-09-10,750.965087890625,LLY,2025-09-25,-15,Eli Lilly,Inluriyo
2025-09-11,752.6171264648438,LLY,2025-09-25,-14,Eli Lilly,Inluriyo
2025-09-12,751.7314453125,LLY,2025-09-25,-13,Eli Lilly,Inluriyo
2025-09-15,744.5663452148438,LLY,2025-09-25,-10,Eli Lilly,Inluriyo
2025-09-16,761.0062255859375,LLY,2025-09-25,-9,Eli Lilly,Inluriyo
2025-09-17,756.4484252929688,LLY,2025-09-25,-8,Eli Lilly,Inluriyo
2025-09-18,759.2348022460938,LLY,2025-09-25,-7,Eli Lilly,Inluriyo
2025-09-19,748.3478393554688,LLY,2025-09-25,-6,Eli Lilly,Inluriyo
2025-09-22,751.2935180664062,LLY,2025-09-25,-3,Eli Lilly,Inluriyo
2025-09-23,743.3621215820312,LLY,2025-09-25,-2,Eli Lilly,Inluriyo
2025-09-24,738.2569580078125,LLY,2025-09-25,-1,Eli Lilly,Inluriyo
2025-09-25,711.1290893554688,LLY,2025-09-25,0,Eli Lilly,Inluriyo
2025-09-26,721.03076171875,LLY,2025-09-25,1,Eli Lilly,Inluriyo
2025-09-29,722.9913330078125,LLY,2025-09-25,4,Eli Lilly,Inluriyo
2025-09-30,759.3045654296875,LLY,2025-09-25,5,Eli Lilly,Inluriyo
2025-10-01,821.4221801757812,LLY,2025-09-25,6,Eli Lilly,Inluriyo
2025-10-02,815.879150390625,LLY,2025-09-25,7,Eli Lilly,Inluriyo
2025-10-03,835.80224609375,LLY,2025-09-25,8,Eli Lilly,Inluriyo
2025-10-06,840.9570922851562,LLY,2025-09-25,11,Eli Lilly,Inluriyo
2025-10-07,839.5439453125,LLY,2025-09-25,12,Eli Lilly,Inluriyo
2025-10-08,841.6238403320312,LLY,2025-09-25,13,Eli Lilly,Inluriyo
2025-10-09,851.2071533203125,LLY,2025-09-25,14,Eli Lilly,Inluriyo
2025-10-29,10.260000228881836,KURA,2025-11-13,-15,Kura Oncology,Komzifti
2025-10-30,10.4399995803833,KURA,2025-11-13,-14,Kura Oncology,Komzifti
2025-10-31,10.270000457763672,KURA,2025-11-13,-13,Kura Oncology,Komzifti
2025-11-03,9.770000457763672,KURA,2025-11-13,-10,Kura Oncology,Komzifti
2025-11-04,9.960000038146973,KURA,2025-11-13,-9,Kura Oncology,Komzifti
2025-11-05,9.9399995803833,KURA,2025-11-13,-8,Kura Oncology,Komzifti
2025-11-06,10.15999984741211,KURA,2025-11-13,-7,Kura Oncology,Komzifti
2025-11-07,9.859999656677246,KURA,2025-11-13,-6,Kura Oncology,Komzifti
2025-11-10,10.319999694824219,KURA,2025-11-13,-3,Kura Oncology,Komzifti
2025-11-11,10.6899995803833,KURA,2025-11-13,-2,Kura Oncology,Komzifti
2025-11-12,10.680000305175781,KURA,2025-11-13,-1,Kura Oncology,Komzifti
2025-11-13,10.680000305175781,KURA,2025-11-13,0,Kura Oncology,Komzifti
2025-11-14,11.204999923706055,KURA,2025-11-13,1,Kura Oncology,Komzifti
2025-11-17,10.850000381469727,KURA,2025-11-13,4,Kura Oncology,Komzifti
2025-11-18,11.079999923706055,KURA,2025-11-13,5,Kura Oncology,Komzifti
2025-11-19,11.319999694824219,KURA,2025-11-13,6,Kura Oncology,Komzifti
2025-11-20,10.979999542236328,KURA,2025-11-13,7,Kura Oncology,Komzifti
2025-11-21,11.170000076293945,KURA,2025-11-13,8,Kura Oncology,Komzifti
2025-11-24,11.729999542236328,KURA,2025-11-13,11,Kura Oncology,Komzifti
2025-11-25,11.600000381469727,KURA,2025-11-13,12,Kura Oncology,Komzifti
2025-11-26,11.989999771118164,KURA,2025-11-13,13,Kura Oncology,Komzifti
2025-11-03,39.61000061035156,ARWR,2025-11-18,-15,Arrowhead Pharmaceuticals,Redemplo
2025-11-04,37.849998474121094,ARWR,2025-11-18,-14,Arrowhead Pharmaceuticals,Redemplo
2025-11-05,40.310001373291016,ARWR,2025-11-18,-13,Arrowhead Pharmaceuticals,Redemplo
2025-11-06,39.599998474121094,ARWR,2025-11-18,-12,Arrowhead Pharmaceuticals,Redemplo
2025-11-07,39.22999954223633,ARWR,2025-11-18,-11,Arrowhead Pharmaceuticals,Redemplo
2025-11-10,39.849998474121094,ARWR,2025-11-18,-8,Arrowhead Pharmaceuticals,Redemplo
2025-11-11,41.5,ARWR,2025-11-18,-7,Arrowhead Pharmaceuticals,Redemplo
2025-11-12,41.41999816894531,ARWR,2025-11-18,-6,Arrowhead Pharmaceuticals,Redemplo
2025-11-13,41.13999938964844,ARWR,2025-11-18,-5,Arrowhead Pharmaceuticals,Redemplo
2025-11-14,41.2599983215332,ARWR,2025-11-18,-4,Arrowhead Pharmaceuticals,Redemplo
2025-11-17,40.150001525878906,ARWR,2025-11-18,-1,Arrowhead Pharmaceuticals,Redemplo
2025-11-18,40.470001220703125,ARWR,2025-11-18,0,Arrowhead Pharmaceuticals,Redemplo
2025-11-19,38.970001220703125,ARWR,2025-11-18,1,Arrowhead Pharmaceuticals,Redemplo
2025-11-20,38.09000015258789,ARWR,2025-11-18,2,Arrowhead Pharmaceuticals,Redemplo
2025-11-21,40.45000076293945,ARWR,2025-11-18,3,Arrowhead Pharmaceuticals,Redemplo
2025-11-24,44.2599983215332,ARWR,2025-11-18,6,Arrowhead Pharmaceuticals,Redemplo
2025-11-25,46.790000915527344,ARWR,2025-11-18,7,Arrowhead Pharmaceuticals,Redemplo
2025-11-26,57.709999084472656,ARWR,2025-11-18,8,Arrowhead Pharmaceuticals,Redemplo
2025-11-28,52.70000076293945,ARWR,2025-11-18,10,Arrowhead Pharmaceuticals,Redemplo
2025-12-01,56.25,ARWR,2025-11-18,13,Arrowhead Pharmaceuticals,Redemplo
2025-12-02,57.95000076293945,ARWR,2025-11-18,14,Arrowhead Pharmaceuticals,Redemplo
2025-12-04,66.54000091552734,CYTK,2025-12-19,-15,Cytokinetics,Myqorzo
2025-12-05,65.66999816894531,CYTK,2025-12-19,-14,Cytokinetics,Myqorzo
2025-12-08,64.12999725341797,CYTK,2025-12-19,-11,Cytokinetics,Myqorzo
2025-12-09,61.599998474121094,CYTK,2025-12-19,-10,Cytokinetics,Myqorzo
2025-12-10,60.31999969482422,CYTK,2025-12-19,-9,Cytokinetics,Myqorzo
2025-12-11,60.77000045776367,CYTK,2025-12-19,-8,Cytokinetics,Myqorzo
2025-12-12,63.349998474121094,CYTK,2025-12-19,-7,Cytokinetics,Myqorzo
2025-12-15,62.15999984741211,CYTK,2025-12-19,-4,Cytokinetics,Myqorzo
2025-12-16,62.02000045776367,CYTK,2025-12-19,-3,Cytokinetics,Myqorzo
2025-12-17,59.81999969482422,CYTK,2025-12-19,-2,Cytokinetics,Myqorzo
2025-12-18,62.20000076293945,CYTK,2025-12-19,-1,Cytokinetics,Myqorzo
2025-12-19,62.720001220703125,CYTK,2025-12-19,0,Cytokinetics,Myqorzo
2025-12-22,65.5999984741211,CYTK,2025-12-19,3,Cytokinetics,Myqorzo
2025-12-23,63.290000915527344,CYTK,2025-12-19,4,Cytokinetics,Myqorzo
2025-12-24,64.18000030517578,CYTK,2025-12-19,5,Cytokinetics,Myqorzo
2025-12-26,63.11000061035156,CYTK,2025-12-19,7,Cytokinetics,Myqorzo
2025-12-29,61.75,CYTK,2025-12-19,10,Cytokinetics,Myqorzo
2025-12-30,61.369998931884766,CYTK,2025-12-19,11,Cytokinetics,Myqorzo
2025-12-31,63.540000915527344,CYTK,2025-12-19,12,Cytokinetics,Myqorzo
2026-01-02,61.72999954223633,CYTK,2025-12-19,14,Cytokinetics,Myqorzo
